original,new
2025-topps-basketball-ace-bailey-clutch-2025.png,ace-bailey__utah-jazz__rc__clutch-city-prospects.png
2025-topps-basketball-noah-penda-base-2025.JPEG,noah-penda__orlando-magic__rc__base.jpeg
2025-topps-kasparas-jakucionis-base-2025.png,kasparas-jakucionis__miami-heat__rc__base.png
IMG_3415.JPEG,brooks-barnhizer__oklahoma-city-thunder__rc__base.jpeg
IMG_3416.JPEG,allen-iverson__philadelphia-76ers__base.jpeg
IMG_3417.JPEG,jaden-mcdaniels__minnesota-timberwolves__base.jpeg
IMG_3418.JPEG,kasparas-jakucionis__miami-heat__rc__base.jpeg
IMG_3419.JPEG,ryan-kalkbrenner__charlotte-hornets__rc__base.jpeg
IMG_3420.JPEG,jalen-williams__oklahoma-city-thunder__thunder-insert.jpeg
IMG_3421.JPEG,dereck-lively-ii__dallas-mavericks__base.jpeg
IMG_3422.JPEG,pelle-larsson__miami-heat__base.jpeg
IMG_3423.JPEG,jayson-tatum__boston-celtics__base.jpeg
IMG_3424.JPEG,rudy-gobert__minnesota-timberwolves__base.jpeg
IMG_3425.JPEG,stephen-curry__draymond-green__golden-state-warriors__dub-nation-show-their-strength.jpeg
IMG_3426.JPEG,franz-wagner__orlando-magic__base.jpeg
IMG_3427.JPEG,hornets-duo__charlotte-hornets__insert-hive-mentality.jpeg
IMG_3428.JPEG,alex-sarr__washington-wizards__base.jpeg
IMG_3429.JPEG,cooper-flagg__dallas-mavericks__rc__base.jpeg
IMG_3430.JPEG,derik-queen__new-orleans-pelicans__rc__base.jpeg
IMG_3431.JPEG,nique-clifford__sacramento-kings__rc__base.jpeg
IMG_3432.JPEG,micah-peavy__new-orleans-pelicans__rc__base.jpeg
IMG_3433.JPEG,tyler-kolek__new-york-knicks__rc__base.jpeg
IMG_3434.JPEG,cody-williams__utah-jazz__rc__base.jpeg
IMG_3435.JPEG,brandin-podziemski__golden-state-warriors__base.jpeg
